horizon,file_name,succeeded,learning_rounds,automaton_size,learning_time,smt_time,eq_oracle_time,total_time,queries_learning,validity_query,nodes,informative_nodes,sul_steps,queries_eq_oracle,steps_eq_oracle
1,airportA3-3-3-10.txt,True,1,1,0.0014922618865966797,0.012599706649780273,3.5762786865234375e-06,0.014095544815063477,19,1,19,2,18,2,2
2,airportA3-3-3-10.txt,True,3,2,0.005445241928100586,0.008464813232421875,6.198883056640625e-06,0.013916254043579102,343,2,343,8,666,12,20
3,airportA3-3-3-10.txt,True,5,2,0.012373685836791992,0.017660856246948242,1.7642974853515625e-05,0.03005218505859375,345,4,345,10,672,41,87
4,airportA3-3-3-10.txt,True,23,3,0.2719709873199463,0.1427321434020996,0.0001990795135498047,0.4149022102355957,6188,21,6188,30,18214,466,1344
5,airportA3-3-3-10.txt,True,44,4,8.716202974319458,1.153238296508789,0.0009453296661376953,9.870386600494385,111171,41,111171,66,438166,1727,6189
